{
  "blocks": 196608,
  "candidates": [
    {
      "compile_seconds": 1.153408445000423,
      "expected_max_store_conflict": 2,
      "gate_cache": "cached",
      "lower_epilogue": "shared",
      "maximum_absolute_errors": [
        0.01745128631591797,
        0.02112102508544922,
        0.0192413330078125
      ],
      "median_ms": 1.0418239831924438,
      "negative_factor": "exp2",
      "relative_errors": [
        0.0007634186767973006,
        0.0007636898662894964,
        0.0007632895139977336
      ],
      "samples_ms": [
        1.0462080240249634,
        1.0440959930419922,
        1.0410239696502686,
        1.0443840026855469,
        1.042207956314087,
        1.0433599948883057,
        1.0403519868850708,
        1.0410239696502686,
        1.0412160158157349,
        1.0408320426940918,
        1.0420479774475098,
        1.0456639528274536,
        1.043455958366394,
        1.045151948928833,
        1.041599988937378,
        1.0414719581604004,
        1.041375994682312,
        1.04367995262146,
        1.0421119928359985,
        1.0444799661636353,
        1.0432000160217285,
        1.041375994682312,
        1.0414400100708008,
        1.0412160158157349,
        1.0414719581604004,
        1.041599988937378,
        1.0431360006332397,
        1.0445120334625244,
        1.0410879850387573,
        1.0399999618530273
      ],
      "speedup_vs_exact": 2.0885523384587112,
      "swizzle_bits": 3
    },
    {
      "compile_seconds": 1.0067478430000847,
      "expected_max_store_conflict": 2,
      "gate_cache": "cached",
      "lower_epilogue": "direct",
      "maximum_absolute_errors": [
        0.01745128631591797,
        0.02112102508544922,
        0.0192413330078125
      ],
      "median_ms": 1.0736160278320312,
      "negative_factor": "exp2",
      "relative_errors": [
        0.0007634186767973006,
        0.0007636898662894964,
        0.0007632895139977336
      ],
      "samples_ms": [
        1.0795199871063232,
        1.0758399963378906,
        1.0742720365524292,
        1.0792640447616577,
        1.0721919536590576,
        1.0763200521469116,
        1.0742080211639404,
        1.0723199844360352,
        1.0734080076217651,
        1.0746879577636719,
        1.0747840404510498,
        1.0728000402450562,
        1.0731199979782104,
        1.0764479637145996,
        1.0738240480422974,
        1.071776032447815,
        1.072543978691101,
        1.0745919942855835,
        1.0725120306015015,
        1.0723199844360352,
        1.0720959901809692,
        1.0792319774627686,
        1.0745919942855835,
        1.0725760459899902,
        1.0752960443496704,
        1.0732799768447876,
        1.0728319883346558,
        1.0724159479141235,
        1.071903944015503,
        1.080288052558899
      ],
      "speedup_vs_exact": 2.026705879897101,
      "swizzle_bits": 3
    }
  ],
  "device": "NVIDIA H100 80GB HBM3",
  "exact_median_ms": 2.1759039163589478,
  "exact_samples_ms": [
    2.189311981201172,
    2.181152105331421,
    2.180799961090088,
    2.1810240745544434,
    2.1786561012268066,
    2.178783893585205,
    2.1786880493164062,
    2.1750080585479736,
    2.175328016281128,
    2.1753599643707275,
    2.1759679317474365,
    2.176640033721924,
    2.175328016281128,
    2.1743040084838867,
    2.1758079528808594,
    2.175839900970459,
    2.1744320392608643,
    2.174527883529663,
    2.1750400066375732,
    2.174880027770996,
    2.1744320392608643,
    2.174623966217041,
    2.174976110458374,
    2.1770880222320557,
    2.176255941390991,
    2.1757760047912598,
    2.178623914718628,
    2.1813440322875977,
    2.1796159744262695,
    2.180288076400757
  ],
  "guard_hit_rate": 0.983917236328125,
  "mean_log2_decay": 8.0,
  "threshold": 248.0,
  "torch": "2.7.0+cu126"
}
