{
  "device": "NVIDIA H100 80GB HBM3",
  "torch": "2.7.0+cu126",
  "shape": [
    32,
    4096,
    6,
    128
  ],
  "warmup": 3,
  "repeats": 7,
  "providers": [
    {
      "provider": "fla_recompute",
      "disable_recompute": false,
      "safe_gate": false,
      "cold_start_seconds": 32.187929357999565,
      "forward_samples_ms": [
        3.666624069213867,
        3.694495916366577,
        3.6779520511627197,
        3.6335361003875732,
        3.645440101623535,
        3.6300160884857178,
        3.636064052581787
      ],
      "backward_samples_ms": [
        13.872032165527344,
        13.86415958404541,
        13.786848068237305,
        13.766719818115234,
        13.771807670593262,
        13.768095970153809,
        13.778528213500977
      ],
      "total_samples_ms": [
        17.53865623474121,
        17.558655500411987,
        17.464800119400024,
        17.400255918502808,
        17.417247772216797,
        17.398112058639526,
        17.414592266082764
      ],
      "forward_median_ms": 3.645440101623535,
      "backward_median_ms": 13.778528213500977,
      "total_median_ms": 17.417247772216797,
      "peak_allocated_gib": 6.590335369110107,
      "peak_reserved_gib": 7.521484375,
      "output_l2": 43.67824172973633,
      "gradient_l2": [
        43.74956512451172,
        43.7420654296875,
        43.68855667114258,
        7.212058067321777,
        17.066211700439453,
        17.21770477294922,
        8.03664779663086
      ]
    },
    {
      "provider": "fla_saved_intermediates",
      "disable_recompute": true,
      "safe_gate": false,
      "cold_start_seconds": 0.01612919899980625,
      "forward_samples_ms": [
        3.7939200401306152,
        3.7845120429992676,
        3.791680097579956,
        3.780992031097412,
        3.7901759147644043,
        3.7850239276885986,
        3.7861440181732178
      ],
      "backward_samples_ms": [
        12.296735763549805,
        12.295488357543945,
        12.264575958251953,
        12.265151977539062,
        12.264191627502441,
        12.267775535583496,
        12.262368202209473
      ],
      "total_samples_ms": [
        16.09065580368042,
        16.080000400543213,
        16.05625605583191,
        16.046144008636475,
        16.054367542266846,
        16.052799463272095,
        16.04851222038269
      ],
      "forward_median_ms": 3.7861440181732178,
      "backward_median_ms": 12.265151977539062,
      "total_median_ms": 16.054367542266846,
      "peak_allocated_gib": 7.529791831970215,
      "peak_reserved_gib": 8.271484375,
      "output_l2": 43.67824172973633,
      "gradient_l2": [
        43.74956512451172,
        43.7420654296875,
        43.68855667114258,
        7.212058067321777,
        17.066211700439453,
        17.21770477294922,
        8.03664779663086
      ]
    }
  ],
  "comparisons": [
    {
      "comparison": "fla_saved_intermediates_vs_fla_recompute",
      "output_relative_error": 0.0,
      "gradient_relative_errors": [
        0.0,
        0.0,
        0.0,
        0.0,
        0.0,
        0.0,
        0.0
      ]
    }
  ]
}
