{
  "blocks": 196608,
  "candidates": [
    {
      "compile_seconds": 1.150610575000428,
      "expected_max_store_conflict": 2,
      "gate_cache": "cached",
      "lower_epilogue": "shared",
      "maximum_absolute_errors": [
        0.01745128631591797,
        0.02112102508544922,
        0.0192413330078125
      ],
      "median_ms": 1.048080027103424,
      "negative_factor": "exp2",
      "relative_errors": [
        0.0007634186767973006,
        0.0007636898662894964,
        0.0007632895139977336
      ],
      "samples_ms": [
        1.0738240480422974,
        1.0623680353164673,
        1.0579520463943481,
        1.0579839944839478,
        1.0483200550079346,
        1.0505599975585938,
        1.0484800338745117,
        1.0470399856567383,
        1.0476160049438477,
        1.0459519624710083,
        1.0482239723205566,
        1.0457919836044312,
        1.04694402217865,
        1.0473599433898926,
        1.0485440492630005,
        1.053439974784851,
        1.0481280088424683,
        1.0466560125350952,
        1.0480320453643799,
        1.049280047416687,
        1.0467519760131836,
        1.0487680435180664,
        1.0508160591125488,
        1.0479040145874023,
        1.046720027923584,
        1.0467840433120728,
        1.046336054801941,
        1.0459519624710083,
        1.0455679893493652,
        1.0481280088424683
      ],
      "speedup_vs_exact": 2.082985964689788,
      "swizzle_bits": 3,
      "warp_assignment": "channel-half"
    },
    {
      "compile_seconds": 1.034971260999555,
      "expected_max_store_conflict": 2,
      "gate_cache": "cached",
      "lower_epilogue": "shared",
      "maximum_absolute_errors": [
        0.01745128631591797,
        0.02112102508544922,
        0.0192413330078125
      ],
      "median_ms": 1.0331199765205383,
      "negative_factor": "exp2",
      "relative_errors": [
        0.0007634186767973006,
        0.0007636898662894964,
        0.0007632895139977336
      ],
      "samples_ms": [
        1.0573760271072388,
        1.0442880392074585,
        1.0424959659576416,
        1.0412479639053345,
        1.0412160158157349,
        1.0424000024795532,
        1.0457600355148315,
        1.0378559827804565,
        1.0305919647216797,
        1.02947199344635,
        1.030784010887146,
        1.0308159589767456,
        1.0283199548721313,
        1.0335999727249146,
        1.0315519571304321,
        1.0348479747772217,
        1.0319360494613647,
        1.0321919918060303,
        1.0294400453567505,
        1.0311039686203003,
        1.0315200090408325,
        1.0305919647216797,
        1.0394560098648071,
        1.0318080186843872,
        1.049280047416687,
        1.0344640016555786,
        1.0326080322265625,
        1.0377919673919678,
        1.0329920053482056,
        1.033247947692871
      ],
      "speedup_vs_exact": 2.113148555776401,
      "swizzle_bits": 3,
      "warp_assignment": "product"
    }
  ],
  "device": "NVIDIA H100 80GB HBM3",
  "exact_median_ms": 2.183135986328125,
  "exact_samples_ms": [
    2.204256057739258,
    2.189055919647217,
    2.1864960193634033,
    2.1853439807891846,
    2.186271905899048,
    2.1864960193634033,
    2.184767961502075,
    2.1891839504241943,
    2.1842238903045654,
    2.1827199459075928,
    2.183648109436035,
    2.183583974838257,
    2.1811840534210205,
    2.1813440322875977,
    2.179744005203247,
    2.181727886199951,
    2.1831040382385254,
    2.183295965194702,
    2.1828479766845703,
    2.184256076812744,
    2.1826560497283936,
    2.1833279132843018,
    2.1804800033569336,
    2.18287992477417,
    2.182784080505371,
    2.1803839206695557,
    2.180959939956665,
    2.1813759803771973,
    2.1831679344177246,
    2.1823360919952393
  ],
  "guard_hit_rate": 0.983917236328125,
  "mean_log2_decay": 8.0,
  "threshold": 248.0,
  "torch": "2.7.0+cu126"
}
