{
  "blocks": 196608,
  "device": "NVIDIA H100 80GB HBM3",
  "exact": {
    "median_ms": 2.181968092918396,
    "minimum_ms": 2.180000066757202,
    "p10_ms": 2.180694580078125,
    "p90_ms": 2.1847519874572754
  },
  "exact_cold_seconds": 0.2288107679996756,
  "mean_log2_decay": 8.0,
  "reference_policy": "midpoint",
  "results": [
    {
      "cold_seconds": 0.00733154999988983,
      "guard_hit_rate": 0.0,
      "maximum_absolute_errors": [
        0.0,
        0.0,
        0.0
      ],
      "median_ms": 1.6916959881782532,
      "minimum_ms": 1.6889599561691284,
      "p10_ms": 1.6898528337478638,
      "p90_ms": 1.6937919855117798,
      "relative_errors": [
        0.0,
        0.0,
        0.0
      ],
      "speedup": 1.2898109992375788,
      "threshold": 128.0
    },
    {
      "cold_seconds": 0.0018823549999069655,
      "guard_hit_rate": 0.0286204032599926,
      "maximum_absolute_errors": [
        0.0140228271484375,
        0.0123443603515625,
        0.014235496520996094
      ],
      "median_ms": 1.8109920024871826,
      "minimum_ms": 1.7657920122146606,
      "p10_ms": 1.7664575576782227,
      "p90_ms": 1.8140000104904175,
      "relative_errors": [
        0.00012996848090551794,
        0.00013025460066273808,
        0.00012994205462746322
      ],
      "speedup": 1.2048468960225787,
      "threshold": 160.0
    },
    {
      "cold_seconds": 0.001401817999976629,
      "guard_hit_rate": 0.5262908935546875,
      "maximum_absolute_errors": [
        0.01745128631591797,
        0.02112102508544922,
        0.0192413330078125
      ],
      "median_ms": 1.3780959844589233,
      "minimum_ms": 1.3768320083618164,
      "p10_ms": 1.3771743774414062,
      "p90_ms": 1.3791711330413818,
      "relative_errors": [
        0.0005587925552390516,
        0.000558278348762542,
        0.000558437081053853
      ],
      "speedup": 1.5833208408738626,
      "threshold": 192.0
    },
    {
      "cold_seconds": 0.001148176000242529,
      "guard_hit_rate": 0.9168853759765625,
      "maximum_absolute_errors": [
        0.01745128631591797,
        0.02112102508544922,
        0.0192413330078125
      ],
      "median_ms": 1.1206719875335693,
      "minimum_ms": 1.1184959411621094,
      "p10_ms": 1.1188735961914062,
      "p90_ms": 1.128617525100708,
      "relative_errors": [
        0.0007368827355094254,
        0.0007371389656327665,
        0.0007367009529843926
      ],
      "speedup": 1.9470176083553048,
      "threshold": 224.0
    },
    {
      "cold_seconds": 0.001121534000048996,
      "guard_hit_rate": 0.97137451171875,
      "maximum_absolute_errors": [
        0.01745128631591797,
        0.02112102508544922,
        0.0192413330078125
      ],
      "median_ms": 1.1022560000419617,
      "minimum_ms": 1.1012799739837646,
      "p10_ms": 1.1014975309371948,
      "p90_ms": 1.1045024394989014,
      "relative_errors": [
        0.000758488429710269,
        0.0007587766740471125,
        0.0007583677070215344
      ],
      "speedup": 1.979547485189766,
      "threshold": 240.0
    },
    {
      "cold_seconds": 0.0011195170000064536,
      "guard_hit_rate": 0.983917236328125,
      "maximum_absolute_errors": [
        0.01745128631591797,
        0.02112102508544922,
        0.0192413330078125
      ],
      "median_ms": 1.0965120196342468,
      "minimum_ms": 1.094815969467163,
      "p10_ms": 1.0955040454864502,
      "p90_ms": 1.098736047744751,
      "relative_errors": [
        0.0007634276989847422,
        0.000763698888476938,
        0.0007632955093868077
      ],
      "speedup": 1.9899171681184256,
      "threshold": 248.0
    },
    {
      "cold_seconds": 0.0011152930001117056,
      "guard_hit_rate": 0.9860076904296875,
      "maximum_absolute_errors": [
        0.01745128631591797,
        0.02112102508544922,
        0.0192413330078125
      ],
      "median_ms": 1.0955840349197388,
      "minimum_ms": 1.0941439867019653,
      "p10_ms": 1.0945887565612793,
      "p90_ms": 1.0986624956130981,
      "relative_errors": [
        0.0007642569835297763,
        0.000764512165915221,
        0.0007641274714842439
      ],
      "speedup": 1.99160267343458,
      "threshold": 250.0
    }
  ]
}
