{
  "device": "NVIDIA H100 80GB HBM3",
  "torch": "2.7.0+cu126",
  "shape": [
    32,
    4096,
    6,
    128
  ],
  "warmup": 3,
  "repeats": 7,
  "providers": [
    {
      "provider": "fla_recompute",
      "disable_recompute": false,
      "safe_gate": false,
      "cold_start_seconds": 32.24680701499983,
      "forward_samples_ms": [
        3.6816000938415527,
        3.6756479740142822,
        3.938528060913086,
        3.724735975265503,
        3.680351972579956,
        3.720031976699829,
        3.6965761184692383
      ],
      "backward_samples_ms": [
        13.684063911437988,
        13.67302417755127,
        13.663040161132812,
        13.677087783813477,
        13.673343658447266,
        13.67516803741455,
        13.592960357666016
      ],
      "total_samples_ms": [
        17.36566400527954,
        17.34867215156555,
        17.6015682220459,
        17.40182375907898,
        17.35369563102722,
        17.39520001411438,
        17.289536476135254
      ],
      "forward_median_ms": 3.6965761184692383,
      "backward_median_ms": 13.673343658447266,
      "total_median_ms": 17.36566400527954,
      "peak_allocated_gib": 6.590335369110107,
      "peak_reserved_gib": 7.521484375,
      "output_l2": 43.67824172973633,
      "gradient_l2": [
        43.74956512451172,
        43.7420654296875,
        43.68855667114258,
        7.212059497833252,
        17.066211700439453,
        17.203441619873047,
        8.036933898925781
      ]
    },
    {
      "provider": "fla_saved_intermediates",
      "disable_recompute": true,
      "safe_gate": false,
      "cold_start_seconds": 0.01609410499986552,
      "forward_samples_ms": [
        3.8224639892578125,
        3.818495988845825,
        3.8679680824279785,
        3.8202879428863525,
        3.823296070098877,
        3.7679359912872314,
        3.8406078815460205
      ],
      "backward_samples_ms": [
        12.097408294677734,
        12.101183891296387,
        12.098527908325195,
        12.101792335510254,
        12.095423698425293,
        12.103263854980469,
        12.067359924316406
      ],
      "total_samples_ms": [
        15.919872283935547,
        15.919679880142212,
        15.966495990753174,
        15.922080278396606,
        15.91871976852417,
        15.8711998462677,
        15.907967805862427
      ],
      "forward_median_ms": 3.8224639892578125,
      "backward_median_ms": 12.098527908325195,
      "total_median_ms": 15.919679880142212,
      "peak_allocated_gib": 7.529791831970215,
      "peak_reserved_gib": 8.271484375,
      "output_l2": 43.67824172973633,
      "gradient_l2": [
        43.74956512451172,
        43.7420654296875,
        43.68855667114258,
        7.212059497833252,
        17.066211700439453,
        17.203441619873047,
        8.036933898925781
      ]
    }
  ],
  "comparisons": [
    {
      "comparison": "fla_saved_intermediates_vs_fla_recompute",
      "output_relative_error": 0.0,
      "gradient_relative_errors": [
        0.0,
        0.0,
        0.0,
        0.0,
        0.0,
        0.0,
        0.0
      ]
    }
  ]
}
