{
  "blocks": 196608,
  "candidates": [
    {
      "compile_seconds": 1.152248008999777,
      "expected_max_store_conflict": 2,
      "gate_cache": "uncached",
      "maximum_absolute_errors": [
        0.01745128631591797,
        0.02112102508544922,
        0.0192413330078125
      ],
      "median_ms": 1.117743968963623,
      "negative_factor": "exp2",
      "relative_errors": [
        0.0007634186767973006,
        0.0007636898662894964,
        0.0007632895139977336
      ],
      "samples_ms": [
        1.1240320205688477,
        1.1209919452667236,
        1.1180479526519775,
        1.117311954498291,
        1.1172480583190918,
        1.1205439567565918,
        1.1179200410842896,
        1.1210559606552124,
        1.1176320314407349,
        1.1168960332870483,
        1.1177599430084229,
        1.1165440082550049,
        1.1199040412902832,
        1.1163840293884277,
        1.1164480447769165,
        1.1185920238494873,
        1.1162879467010498,
        1.1166080236434937,
        1.1177279949188232,
        1.1196479797363281,
        1.1170560121536255,
        1.1152640581130981,
        1.1163840293884277,
        1.1195199489593506,
        1.117087960243225,
        1.1163519620895386,
        1.118880033493042,
        1.118399977684021,
        1.1179519891738892,
        1.1203839778900146
      ],
      "speedup_vs_exact": 1.949598541687375,
      "swizzle_bits": 3
    },
    {
      "compile_seconds": 1.0005130269996698,
      "expected_max_store_conflict": 2,
      "gate_cache": "cached",
      "maximum_absolute_errors": [
        0.01745128631591797,
        0.02112102508544922,
        0.0192413330078125
      ],
      "median_ms": 1.036895990371704,
      "negative_factor": "exp2",
      "relative_errors": [
        0.0007634186767973006,
        0.0007636898662894964,
        0.0007632895139977336
      ],
      "samples_ms": [
        1.0421439409255981,
        1.0390080213546753,
        1.0369919538497925,
        1.0484800338745117,
        1.0357439517974854,
        1.0368000268936157,
        1.0378880500793457,
        1.035871982574463,
        1.0442240238189697,
        1.037376046180725,
        1.0400320291519165,
        1.0371520519256592,
        1.0378880500793457,
        1.0371840000152588,
        1.0358400344848633,
        1.0352319478988647,
        1.0357439517974854,
        1.0374720096588135,
        1.0342719554901123,
        1.0356160402297974,
        1.034783959388733,
        1.0374720096588135,
        1.035647988319397,
        1.036128044128418,
        1.0367039442062378,
        1.0376319885253906,
        1.0396159887313843,
        1.0362880229949951,
        1.0362240076065063,
        1.0355520248413086
      ],
      "speedup_vs_exact": 2.1016109929117968,
      "swizzle_bits": 3
    }
  ],
  "device": "NVIDIA H100 80GB HBM3",
  "exact_median_ms": 2.179152011871338,
  "exact_samples_ms": [
    2.1875839233398438,
    2.1809279918670654,
    2.1888320446014404,
    2.182080030441284,
    2.1787519454956055,
    2.180000066757202,
    2.180704116821289,
    2.179647922515869,
    2.179647922515869,
    2.1790719032287598,
    2.178976058959961,
    2.1791679859161377,
    2.180000066757202,
    2.1773760318756104,
    2.1795198917388916,
    2.179136037826538,
    2.177855968475342,
    2.1768319606781006,
    2.177248001098633,
    2.1746559143066406,
    2.1744320392608643,
    2.1823999881744385,
    2.184607982635498,
    2.1786880493164062,
    2.178208112716675,
    2.178623914718628,
    2.1792960166931152,
    2.185663938522339,
    2.1771841049194336,
    2.177567958831787
  ],
  "guard_hit_rate": 0.983917236328125,
  "mean_log2_decay": 8.0,
  "threshold": 248.0,
  "torch": "2.7.0+cu126"
}
