{
  "blocks": 196608,
  "compile_seconds": 1.0877990529997987,
  "cute_median_ms": 1.5849279761314392,
  "cute_samples_ms": [
    1.5922240018844604,
    1.5864640474319458,
    1.5875519514083862,
    1.5883519649505615,
    1.587615966796875,
    1.5848959684371948,
    1.5834239721298218,
    1.5834879875183105,
    1.5903680324554443,
    1.5838079452514648,
    1.5839680433273315,
    1.58515202999115,
    1.5828800201416016,
    1.5842880010604858,
    1.5857280492782593,
    1.5849599838256836,
    1.5860799551010132,
    1.5857599973678589,
    1.5842560529708862,
    1.586400032043457,
    1.584223985671997,
    1.5841280221939087,
    1.5854079723358154,
    1.5864640474319458,
    1.5841920375823975,
    1.582751989364624,
    1.5861760377883911,
    1.5821119546890259,
    1.5848000049591064,
    1.5834239721298218
  ],
  "device": "NVIDIA H100 80GB HBM3",
  "exact_median_ms": 2.180527925491333,
  "exact_samples_ms": [
    2.2005441188812256,
    2.184959888458252,
    2.1825599670410156,
    2.186336040496826,
    2.181407928466797,
    2.1789119243621826,
    2.180799961090088,
    2.1808319091796875,
    2.1813440322875977,
    2.1792960166931152,
    2.1789441108703613,
    2.1769919395446777,
    2.179392099380493,
    2.180255889892578,
    2.17740797996521,
    2.1771199703216553,
    2.185920000076294,
    2.177855968475342,
    2.176800012588501,
    2.1776320934295654,
    2.178175926208496,
    2.1791679859161377,
    2.180864095687866,
    2.177311897277832,
    2.179136037826538,
    2.1840319633483887,
    2.1904959678649902,
    2.1833600997924805,
    2.1835520267486572,
    2.184000015258789
  ],
  "guard_hit_rate": 0.983917236328125,
  "maximum_absolute_errors": [
    0.01745128631591797,
    0.02112102508544922,
    0.0192413330078125
  ],
  "mean_log2_decay": 8.0,
  "relative_errors": [
    0.0007634186767973006,
    0.0007636898662894964,
    0.0007632895139977336
  ],
  "speedup": 1.3757899149547854,
  "threshold": 248.0,
  "torch": "2.7.0+cu126"
}
