{
  "blocks": 196608,
  "candidates": [
    {
      "compile_seconds": 1.0534018030002699,
      "expected_max_store_conflict": 16,
      "maximum_absolute_errors": [
        0.01745128631591797,
        0.02112102508544922,
        0.0192413330078125
      ],
      "median_ms": 1.5967999696731567,
      "relative_errors": [
        0.0007634186767973006,
        0.0007636898662894964,
        0.0007632895139977336
      ],
      "samples_ms": [
        1.612287998199463,
        1.6125439405441284,
        1.6085439920425415,
        1.6031039953231812,
        1.5981760025024414,
        1.5975680351257324,
        1.5956159830093384,
        1.596735954284668,
        1.5988160371780396,
        1.5956480503082275,
        1.595903992652893,
        1.5941439867019653,
        1.5975680351257324,
        1.594655990600586,
        1.5953279733657837,
        1.5959359407424927,
        1.5973440408706665,
        1.597983956336975,
        1.596384048461914,
        1.5974080562591553,
        1.5968639850616455,
        1.5945279598236084,
        1.5962879657745361,
        1.5962879657745361,
        1.5979199409484863,
        1.598464012145996,
        1.5980160236358643,
        1.594688057899475,
        1.5938559770584106,
        1.595263957977295
      ],
      "speedup_vs_exact": 1.3670642076564945,
      "swizzle_bits": 0
    },
    {
      "compile_seconds": 0.9682033270000829,
      "expected_max_store_conflict": 8,
      "maximum_absolute_errors": [
        0.01745128631591797,
        0.02112102508544922,
        0.0192413330078125
      ],
      "median_ms": 1.2945120334625244,
      "relative_errors": [
        0.0007634186767973006,
        0.0007636898662894964,
        0.0007632895139977336
      ],
      "samples_ms": [
        1.3004800081253052,
        1.2977919578552246,
        1.2951680421829224,
        1.2996480464935303,
        1.2944960594177246,
        1.2953599691390991,
        1.295456051826477,
        1.2941440343856812,
        1.2961599826812744,
        1.2942719459533691,
        1.2981760501861572,
        1.2941440343856812,
        1.2934080362319946,
        1.2930560111999512,
        1.294111967086792,
        1.2924799919128418,
        1.2932159900665283,
        1.296895980834961,
        1.293887972831726,
        1.2947520017623901,
        1.2940160036087036,
        1.2935680150985718,
        1.2938239574432373,
        1.293727993965149,
        1.2945599555969238,
        1.294975996017456,
        1.2947839498519897,
        1.2945280075073242,
        1.2937920093536377,
        1.295680046081543
      ],
      "speedup_vs_exact": 1.6862941625102654,
      "swizzle_bits": 1
    },
    {
      "compile_seconds": 0.9565101469997899,
      "expected_max_store_conflict": 4,
      "maximum_absolute_errors": [
        0.01745128631591797,
        0.02112102508544922,
        0.0192413330078125
      ],
      "median_ms": 1.136128008365631,
      "relative_errors": [
        0.0007634186767973006,
        0.0007636898662894964,
        0.0007632895139977336
      ],
      "samples_ms": [
        1.139456033706665,
        1.1376320123672485,
        1.136896014213562,
        1.136672019958496,
        1.1354559659957886,
        1.134559988975525,
        1.1361600160598755,
        1.135807991027832,
        1.136064052581787,
        1.1363199949264526,
        1.1347839832305908,
        1.1350719928741455,
        1.1366080045700073,
        1.1363519430160522,
        1.1352640390396118,
        1.1363840103149414,
        1.137887954711914,
        1.1359039545059204,
        1.1355520486831665,
        1.1357760429382324,
        1.1363519430160522,
        1.1346880197525024,
        1.1360000371932983,
        1.1356799602508545,
        1.1360960006713867,
        1.1365760564804077,
        1.1362240314483643,
        1.137279987335205,
        1.1443519592285156,
        1.135807991027832
      ],
      "speedup_vs_exact": 1.9213751172875178,
      "swizzle_bits": 2
    },
    {
      "compile_seconds": 0.9659093339996616,
      "expected_max_store_conflict": 2,
      "maximum_absolute_errors": [
        0.01745128631591797,
        0.02112102508544922,
        0.0192413330078125
      ],
      "median_ms": 1.120799958705902,
      "relative_errors": [
        0.0007634186767973006,
        0.0007636898662894964,
        0.0007632895139977336
      ],
      "samples_ms": [
        1.1244479417800903,
        1.1216959953308105,
        1.1219520568847656,
        1.1206079721450806,
        1.1190719604492188,
        1.1230720281600952,
        1.1218880414962769,
        1.12227201461792,
        1.1196800470352173,
        1.1209919452667236,
        1.1210880279541016,
        1.119871973991394,
        1.1201599836349487,
        1.1210559606552124,
        1.1191999912261963,
        1.1210880279541016,
        1.1192320585250854,
        1.1201280355453491,
        1.120255947113037,
        1.1191680431365967,
        1.120192050933838,
        1.1216319799423218,
        1.1200319528579712,
        1.1215039491653442,
        1.1194560527801514,
        1.1211520433425903,
        1.1203199625015259,
        1.1201280355453491,
        1.1223679780960083,
        1.121791958808899
      ],
      "speedup_vs_exact": 1.9476518252620214,
      "swizzle_bits": 3
    }
  ],
  "device": "NVIDIA H100 80GB HBM3",
  "exact_median_ms": 2.1829280853271484,
  "exact_samples_ms": [
    2.1875200271606445,
    2.182687997817993,
    2.1829440593719482,
    2.1840639114379883,
    2.181727886199951,
    2.1923840045928955,
    2.189311981201172,
    2.188512086868286,
    2.188607931137085,
    2.187135934829712,
    2.186944007873535,
    2.1902079582214355,
    2.184448003768921,
    2.1838719844818115,
    2.1828479766845703,
    2.1828479766845703,
    2.1829121112823486,
    2.183072090148926,
    2.182176113128662,
    2.1812798976898193,
    2.18287992477417,
    2.1831040382385254,
    2.1829440593719482,
    2.1828479766845703,
    2.1813759803771973,
    2.1803839206695557,
    2.1818881034851074,
    2.1823360919952393,
    2.180608034133911,
    2.1813759803771973
  ],
  "guard_hit_rate": 0.983917236328125,
  "mean_log2_decay": 8.0,
  "threshold": 248.0,
  "torch": "2.7.0+cu126"
}
