{
  "device": "NVIDIA H100 80GB HBM3",
  "torch": "2.7.0+cu126",
  "shape": [
    32,
    4096,
    6,
    128
  ],
  "warmup": 3,
  "repeats": 7,
  "providers": [
    {
      "provider": "fla_recompute",
      "disable_recompute": false,
      "safe_gate": false,
      "cold_start_seconds": 32.51019995899969,
      "forward_samples_ms": [
        3.6730880737304688,
        3.6601920127868652,
        3.6665279865264893,
        3.6414079666137695,
        3.6402881145477295,
        3.643359899520874,
        3.6411519050598145
      ],
      "backward_samples_ms": [
        14.671296119689941,
        14.67142391204834,
        14.660256385803223,
        14.671775817871094,
        14.664608001708984,
        14.642208099365234,
        14.54700756072998
      ],
      "total_samples_ms": [
        18.34438419342041,
        18.331615924835205,
        18.326784372329712,
        18.313183784484863,
        18.304896116256714,
        18.28556799888611,
        18.188159465789795
      ],
      "forward_median_ms": 3.643359899520874,
      "backward_median_ms": 14.664608001708984,
      "total_median_ms": 18.313183784484863,
      "peak_allocated_gib": 6.590335369110107,
      "peak_reserved_gib": 7.521484375,
      "output_l2": 43.67824172973633,
      "gradient_l2": [
        43.749568939208984,
        43.742069244384766,
        43.68855667114258,
        7.2120585441589355,
        17.066211700439453,
        17.217851638793945,
        8.036576271057129
      ]
    },
    {
      "provider": "fla_saved_intermediates",
      "disable_recompute": true,
      "safe_gate": false,
      "cold_start_seconds": 0.017007206000016595,
      "forward_samples_ms": [
        3.793951988220215,
        3.8083839416503906,
        3.7887039184570312,
        3.792543888092041,
        3.825824022293091,
        3.812544107437134,
        3.798111915588379
      ],
      "backward_samples_ms": [
        13.155872344970703,
        13.146944046020508,
        13.157631874084473,
        13.154784202575684,
        13.156607627868652,
        13.012384414672852,
        13.02019214630127
      ],
      "total_samples_ms": [
        16.949824333190918,
        16.9553279876709,
        16.946335792541504,
        16.947328090667725,
        16.982431650161743,
        16.824928522109985,
        16.81830406188965
      ],
      "forward_median_ms": 3.798111915588379,
      "backward_median_ms": 13.154784202575684,
      "total_median_ms": 16.947328090667725,
      "peak_allocated_gib": 7.529791831970215,
      "peak_reserved_gib": 8.271484375,
      "output_l2": 43.67824172973633,
      "gradient_l2": [
        43.749568939208984,
        43.742069244384766,
        43.68855667114258,
        7.2120585441589355,
        17.066211700439453,
        17.217851638793945,
        8.036576271057129
      ]
    }
  ],
  "comparisons": [
    {
      "comparison": "fla_saved_intermediates_vs_fla_recompute",
      "output_relative_error": 0.0,
      "gradient_relative_errors": [
        0.0,
        0.0,
        0.0,
        0.0,
        0.0,
        0.0,
        0.0
      ]
    }
  ]
}
