{
  "blocks": 196608,
  "candidates": [
    {
      "compile_seconds": 1.0804693069999303,
      "expected_max_store_conflict": 2,
      "maximum_absolute_errors": [
        0.01745128631591797,
        0.02112102508544922,
        0.0192413330078125
      ],
      "median_ms": 1.1254559755325317,
      "negative_factor": "exp2",
      "relative_errors": [
        0.0007634186767973006,
        0.0007636898662894964,
        0.0007632895139977336
      ],
      "samples_ms": [
        1.1285439729690552,
        1.1279679536819458,
        1.1256959438323975,
        1.125440001487732,
        1.126688003540039,
        1.1256959438323975,
        1.124735951423645,
        1.1387840509414673,
        1.123744010925293,
        1.1249279975891113,
        1.124351978302002,
        1.1245440244674683,
        1.126047968864441,
        1.1263680458068848,
        1.1254719495773315,
        1.1264959573745728,
        1.1257280111312866,
        1.1249279975891113,
        1.124832034111023,
        1.1269760131835938,
        1.1259839534759521,
        1.1239360570907593,
        1.1244159936904907,
        1.1257280111312866,
        1.125920057296753,
        1.1253440380096436,
        1.1254080533981323,
        1.1239680051803589,
        1.1237759590148926,
        1.1132800579071045
      ],
      "speedup_vs_exact": 1.938144217424218,
      "swizzle_bits": 3
    },
    {
      "compile_seconds": 0.9796142810000674,
      "expected_max_store_conflict": 2,
      "maximum_absolute_errors": [
        0.01745128631591797,
        0.02112102508544922,
        0.0192413330078125
      ],
      "median_ms": 1.2414560317993164,
      "negative_factor": "reciprocal",
      "relative_errors": [
        0.0007634068024344742,
        0.0007636781665496528,
        0.0007632746128365397
      ],
      "samples_ms": [
        1.2445119619369507,
        1.2419519424438477,
        1.2387839555740356,
        1.2445440292358398,
        1.2425919771194458,
        1.2411839962005615,
        1.2413439750671387,
        1.2414400577545166,
        1.2413760423660278,
        1.2408640384674072,
        1.2424639463424683,
        1.2408000230789185,
        1.2399040460586548,
        1.2396160364151,
        1.2461119890213013,
        1.2420799732208252,
        1.238495945930481,
        1.242143988609314,
        1.238495945930481,
        1.2414720058441162,
        1.2386879920959473,
        1.2384639978408813,
        1.2421120405197144,
        1.2453440427780151,
        1.2420799732208252,
        1.2397760152816772,
        1.242143988609314,
        1.2430720329284668,
        1.2391999959945679,
        1.2416960000991821
      ],
      "speedup_vs_exact": 1.7570465123782322,
      "swizzle_bits": 3
    }
  ],
  "device": "NVIDIA H100 80GB HBM3",
  "exact_median_ms": 2.1812959909439087,
  "exact_samples_ms": [
    2.188256025314331,
    2.183487892150879,
    2.18176007270813,
    2.18121600151062,
    2.1808319091796875,
    2.1828479766845703,
    2.18121600151062,
    2.1834559440612793,
    2.1810879707336426,
    2.180799961090088,
    2.1807360649108887,
    2.1792960166931152,
    2.181920051574707,
    2.1836159229278564,
    2.1823360919952393,
    2.181472063064575,
    2.183295965194702,
    2.1859519481658936,
    2.1810240745544434,
    2.180288076400757,
    2.1796159744262695,
    2.1811840534210205,
    2.1813759803771973,
    2.1829440593719482,
    2.1807680130004883,
    2.1818881034851074,
    2.1801600456237793,
    2.1816959381103516,
    2.1801600456237793,
    2.1797120571136475
  ],
  "guard_hit_rate": 0.983917236328125,
  "mean_log2_decay": 8.0,
  "threshold": 248.0,
  "torch": "2.7.0+cu126"
}
