{
  "blocks": 196608,
  "candidates": [
    {
      "compile_seconds": 1.1588983709998502,
      "expected_max_store_conflict": 2,
      "gate_cache": "cached",
      "lower_epilogue": "shared",
      "maximum_absolute_errors": [
        0.01745128631591797,
        0.02112102508544922,
        0.0192413330078125
      ],
      "median_ms": 1.0400639772415161,
      "negative_factor": "exp2",
      "relative_errors": [
        0.0007634186767973006,
        0.0007636898662894964,
        0.0007632895139977336
      ],
      "samples_ms": [
        1.0471359491348267,
        1.0439679622650146,
        1.0430079698562622,
        1.0408960580825806,
        1.0424959659576416,
        1.0407359600067139,
        1.041983962059021,
        1.0432319641113281,
        1.0411839485168457,
        1.0410239696502686,
        1.038912057876587,
        1.042464017868042,
        1.0383360385894775,
        1.0410560369491577,
        1.0407040119171143,
        1.0420160293579102,
        1.040992021560669,
        1.039423942565918,
        1.034816026687622,
        1.0301120281219482,
        1.032256007194519,
        1.0292799472808838,
        1.029312014579773,
        1.034208059310913,
        1.0321600437164307,
        1.0314240455627441,
        1.029919981956482,
        1.02947199344635,
        1.0297280550003052,
        1.0293760299682617
      ],
      "speedup_vs_exact": 2.099424747403604,
      "swizzle_bits": 3,
      "warp_assignment": "product"
    },
    {
      "compile_seconds": 0.9959163280000212,
      "expected_max_store_conflict": 2,
      "gate_cache": "cached",
      "lower_epilogue": "shared",
      "maximum_absolute_errors": [
        0.01745128631591797,
        0.02112102508544922,
        0.0192413330078125
      ],
      "median_ms": 1.058784008026123,
      "negative_factor": "exp2",
      "relative_errors": [
        0.0007634186767973006,
        0.0007636898662894964,
        0.0007632895139977336
      ],
      "samples_ms": [
        1.064479947090149,
        1.0680639743804932,
        1.061311960220337,
        1.0594240427017212,
        1.0592639446258545,
        1.0606720447540283,
        1.058527946472168,
        1.0579839944839478,
        1.0580799579620361,
        1.061951994895935,
        1.0573760271072388,
        1.0574719905853271,
        1.0567679405212402,
        1.0580159425735474,
        1.0582720041275024,
        1.0571199655532837,
        1.0631680488586426,
        1.0607359409332275,
        1.0580480098724365,
        1.0569920539855957,
        1.0574719905853271,
        1.0591679811477661,
        1.058624029159546,
        1.062559962272644,
        1.0631040334701538,
        1.0597440004348755,
        1.0590399503707886,
        1.058303952217102,
        1.055840015411377,
        1.0589439868927002
      ],
      "speedup_vs_exact": 2.062305471325162,
      "swizzle_bits": 3,
      "warp_assignment": "channel-half"
    }
  ],
  "device": "NVIDIA H100 80GB HBM3",
  "exact_median_ms": 2.1835360527038574,
  "exact_samples_ms": [
    2.1905601024627686,
    2.1873600482940674,
    2.1823999881744385,
    2.181504011154175,
    2.1823999881744385,
    2.1860480308532715,
    2.187648057937622,
    2.1840319633483887,
    2.1843199729919434,
    2.1828160285949707,
    2.1863040924072266,
    2.183903932571411,
    2.1824960708618164,
    2.1812479496002197,
    2.1855039596557617,
    2.18339204788208,
    2.180511951446533,
    2.1828479766845703,
    2.1828160285949707,
    2.1855359077453613,
    2.184191942214966,
    2.183648109436035,
    2.187455892562866,
    2.183199882507324,
    2.18287992477417,
    2.181504011154175,
    2.1828479766845703,
    2.1834239959716797,
    2.18451189994812,
    2.183903932571411
  ],
  "guard_hit_rate": 0.983917236328125,
  "mean_log2_decay": 8.0,
  "threshold": 248.0,
  "torch": "2.7.0+cu126"
}
